team,elo,pi_combined,form_score,elo_z,pi_z,form_z,composite_strength
Argentina,1752.1625648558165,1.2230537558244328,18.0,3.840896702685883,3.3601789031363283,2.314380291102348,3.467703901083487
France,1775.9647492243823,1.059527913705441,14.25,4.178962696944246,2.904071162054953,1.6201575488693059,3.4126744642662175
Morocco,1713.3215458737038,1.1981212280514046,12.75,3.2892318850006204,3.2906368737258966,1.3424684519760888,2.9976388666645235
Spain,1713.9039166169337,1.0716663634187187,12.75,3.2975033840062737,2.9379278345368736,1.3424684519760888,2.896375479360926
England,1711.52360944738,0.9831105386749572,15.0,3.263695524296635,2.690927136298095,1.7590020973159142,2.866160993849965
Brazil,1691.5737802955705,0.9668508819373084,15.75,2.9803451089289648,2.645575556332091,1.8978466457625227,2.7175394736749365
Mexico,1679.8729500157392,0.9066693787495144,17.75,2.814156461662476,2.4777167694995335,2.2680987749534784,2.6313159010072438
Netherlands,1695.4345275647283,0.9617448013256633,11.5,3.035179881398495,2.631333630631674,1.1110608712317416,2.625408154643436
Belgium,1652.8137377627727,1.0921633826592383,13.75,2.4298304118975573,2.9950983038862504,1.527594516571567,2.4640753951952665
Portugal,1656.6866710130755,0.968578350151031,12.75,2.4848382636848503,2.6503938261207742,1.3424684519760888,2.3631494606593133
Germany,1641.4518869380654,1.012263138949364,14.75,2.2684563406697698,2.772239829665131,1.7127205811670447,2.3362310234429695
Colombia,1658.0472167735566,0.7645307822781888,14.75,2.5041622991653276,2.0812625252227264,1.7127205811670447,2.2585761092828047
Japan,1641.6224711660768,0.9883922607267404,12.5,2.2708791740431487,2.7056589626739256,1.2961869358272193,2.2551092748999926
Switzerland,1650.8659535322702,0.7448595634788359,12.75,2.4021657403577796,2.026395385848134,1.3424684519760888,2.1304800407476323
Ivory Coast,1633.120557900735,0.8616935029579391,13.0,2.1501252248828386,2.352269654568765,1.3887499681249582,2.0965622652749345
Norway,1637.1379212471147,0.856381949887828,10.75,2.2071844389852444,2.337454623249866,0.972216322785133,2.0610202768346144
Nigeria,1649.7736745950042,0.7694636798327876,9.0,2.386651938800056,2.0950214071918327,0.6482457097430467,2.0384018449590378
Algeria,1604.1583211532156,0.97429370883213,10.75,1.7387702328205612,2.6663351556606583,0.972216322785133,1.9020566231672762
Austria,1614.6815378598835,0.7265798063773989,10.5,1.8882330578978315,1.9754093238837764,0.9259348066362636,1.77004120000438
Egypt,1625.1103471858676,0.6693585238659936,8.5,2.0363550007887445,1.815807211032005,0.5556826774453079,1.7480898153602071
Croatia,1634.6141021216213,0.47450083714532204,8.75,2.1713382574425535,1.2723084088192278,0.6019641935941773,1.6662231932782996
Senegal,1604.6941789384846,0.8879451677099194,4.25,1.7463811013086346,2.4254910326365726,-0.23110309708547322,1.6534914509478997
Iran,1581.3848874214636,0.7643585877112429,10.0,1.4153157381411063,2.080782238596842,0.8333717743385246,1.5276640937074397
Canada,1584.7857152359372,0.6749040494484436,9.5,1.4636182056205136,1.831274840574495,0.7408087420407857,1.4654937765697487
Ecuador,1588.6835281406727,0.4981097867658529,11.0,1.5189794268709762,1.3381587022113184,1.0184978389340025,1.3896609712825327
Denmark,1585.1336614209595,0.5900432338461654,8.75,1.4685601374687223,1.5945802948738006,0.6019641935941773,1.3763767931090642
United States,1580.1368614598787,0.5757283765762912,10.0,1.3975898382392187,1.554653166973651,0.8333717743385246,1.3600761272744442
Italy,1591.0894630728994,0.4435314612331749,10.25,1.5531512815373203,1.1859283485978538,0.8796532904873942,1.3419597029979915
Russia,1560.0528870014164,0.6679603105448424,11.75,1.1123341369630615,1.8119073019338692,1.157342387380611,1.3289573240169363
Czech Republic,1559.0950267791272,0.44753295036469404,13.75,1.0987295045732561,1.1970893378646805,1.527594516571567,1.19256720636043
Thailand,1553.1412919730549,0.5052533330712057,13.5,1.0141677162264855,1.3580835454435811,1.4813130004226973,1.187414257621046
Turkey,1570.5525183791665,0.4579478995063515,9.75,1.2614619760765637,1.2261388071407486,0.7870902581896552,1.179709267712783
Australia,1568.594365419087,0.559259225559911,4.75,1.2336500359155798,1.5087172636921184,-0.13854006478773426,1.1103416891430442
DR Congo,1573.1207587868287,0.41223705149075485,7.25,1.2979390797518655,1.0986417011106402,0.32427509670096044,1.0921002687018622
Cameroon,1556.0835494325206,0.3697866774401808,9.25,1.0559570401808023,0.9802387382188316,0.6945272258919162,0.9790270774488782
Malaysia,1529.04709189818,0.3226275365833824,17.5,0.6719541790971083,0.848702040845453,2.221817258804609,0.9574579995777368
Kosovo,1565.3972558492246,0.256217991812837,7.5,1.1882410092165085,0.6634719447393278,0.37055661284982994,0.9081576304183525
South Korea,1529.81970209347,0.49649873646796183,10.25,0.682927677571045,1.3336651463144782,0.8796532904873942,0.9076577601315274
Sweden,1570.432026194686,0.2806340087559053,4.5,1.2597506075098797,0.7315733175242112,-0.18482158093660372,0.8846115922472068
Philippines,1512.4687708259012,0.30602877940150364,18.75,0.43648979861630016,0.8024046388881773,2.453224839548956,0.8487745068377617
Republic of Ireland,1543.235613656748,0.23399265049632167,10.5,0.8734758815212506,0.6014808240009804,0.9259348066362636,0.7997462030324215
Guyana,1518.37528951313,0.20390969823818098,17.75,0.5203809693460185,0.5175731845617345,2.2680987749534784,0.7816963047518524
Vietnam,1523.0238451353393,0.3174221541880742,13.0,0.5864051020034793,0.834183141722089,1.3887499681249582,0.7810902438372841
Czechia,1602.8554061923971,-0.008859681318956661,0.0,1.7202647362307226,-0.07588507147632391,-1.0178888716162542,0.7706967527415622
Paraguay,1545.6814382897687,0.21595361806780078,7.25,0.9082142955903273,0.5511661934468731,0.32427509670096044,0.713508985113886
Burkina Faso,1538.64415063382,0.3517896407672565,4.75,0.8082626436136985,0.9300412426017591,-0.13854006478773426,0.7027758170499018
Mali,1542.7980141064616,0.39411823006258373,2.25,0.8672605894806606,1.0481045223652379,-0.601355226276429,0.7012213969824703
Romania,1546.7926858389083,0.16128324957668513,8.0,0.9239975111872605,0.39867911279068896,0.46311964514756887,0.6972703117623353
Scotland,1519.8176835789682,0.3260325544371572,10.0,0.5408675085824739,0.8581993470907672,0.8333717743385246,0.6799426999983695
Tajikistan,1507.5098003942946,0.21622213930200718,16.0,0.3660567978673064,0.5519151552744302,1.9441281619113921,0.6585250096960564
Ukraine,1543.962837490376,0.08750386888065971,9.5,0.8838047506937995,0.19289300442036728,0.7408087420407857,0.6550818255138178
Poland,1542.878077381583,0.16491611992284655,6.75,0.8683977401844937,0.408811947245218,0.2317120644032215,0.6350191509355202
Wales,1545.7681295354434,0.11120394423770967,7.25,0.909445584353943,0.25899746653160066,0.32427509670096044,0.6265355758592929
Uruguay,1536.095138505928,0.3011923503891626,3.75,0.7720586420796854,0.7889148278397552,-0.32366612938321215,0.6127567820882718
Yemen,1497.746934300937,0.27089206403138005,15.25,0.227393346582517,0.7044009981863935,1.8052836134647836,0.60717918209602
Jamaica,1531.277819994956,0.24795515619593045,5.5,0.7036375448033482,0.6404251697506285,0.00030448365887414993,0.5791738731158612
Hungary,1527.9327093178285,0.10036572500963722,10.75,0.6561264361817033,0.2287674085456358,0.972216322785133,0.5753322108813975
Lebanon,1506.521269722208,0.21369412517658923,12.0,0.3520165484793046,0.5448639956703895,1.2036239035294805,0.5376118858941564
Greece,1538.8709907958892,0.21639760851541873,2.5,0.8114844884553404,0.5524045755735182,-0.5550737101275595,0.5287767848033588
Isle of Man,1491.2931576208136,0.20189824391767797,16.0,0.13572938850610072,0.5119628181846244,1.9441281619113921,0.5198592334204515
Tamil Eelam,1488.277353691663,0.137441662133654,18.5,0.09289547301290506,0.33217994390384015,2.4069433234000868,0.5117879918382628
Syria,1536.6809188189977,0.1466343524045467,4.25,0.7803785677171173,0.35782027780816955,-0.23110309708547322,0.5018888310240445
Ghana,1532.4562518310254,0.14812494088581118,4.5,0.7203749889033377,0.36197784052890913,-0.18482158093660372,0.47707635891501793
Slovakia,1536.047504589797,0.030033690077772242,6.0,0.7713820904251028,0.03259666780677086,0.09286751595661309,0.4479692774693298
Israel,1533.5474954464873,-0.029932792968181764,8.25,0.7358740856302096,-0.134662382923463,0.5094011612964383,0.44074220641404216
South Africa,1501.2139271592575,0.3062377487040737,6.75,0.27663556610261514,0.8029874979355028,0.2317120644032215,0.42780262039757244
Georgia,1510.8002640797886,0.14291127834499529,8.75,0.41279174707123817,0.3474358463496543,0.6019641935941773,0.4215608438332039
Honduras,1524.8948444819794,0.13648026302436328,4.75,0.6129791863221412,0.32949840091140503,-0.13854006478773426,0.415207063032439
Venezuela,1521.1799614285349,0.0761231959543003,7.5,0.560216145184,0.16114992972853603,0.37055661284982994,0.4120473506972353
Bosnia and Herzegovina,1531.2072548262088,0.04169950725663189,5.0,0.7026352971288016,0.06513506939742693,-0.09225854863886479,0.3921511519442392
United Arab Emirates,1508.682419593915,0.2525645844580783,4.5,0.38271168422007507,0.6532818282767778,-0.18482158093660372,0.3787527376635841
Costa Rica,1535.6398703829477,0.1464842071220609,-0.5,0.7655924006513269,0.35740149124366566,-1.110451903913993,0.3617284821442306
Jersey,1490.9842194179473,0.1098012542838622,11.25,0.13134149287857472,0.2550850711695185,1.064779355082872,0.30848024569650245
Angola,1500.4150598663477,0.17270835920991265,6.5,0.2652891341333417,0.43054613074266834,0.18543054825435204,0.30288744523429123
Slovenia,1522.668607212239,0.015405653443434619,4.75,0.5813596045057886,-0.008203982777180218,-0.13854006478773426,0.29650557792686955
Northern Ireland,1519.7411181941916,-0.019084821104914176,6.5,0.5397800389397946,-0.10440512280020413,0.18543054825435204,0.2933720668149787
Cape Verde,1510.3150556690791,0.12380866538359303,4.5,0.40590025924604356,0.2941546674627298,-0.18482158093660372,0.2837683056836523
Dominican Republic,1498.8985005956197,0.17566589892204934,6.0,0.24374921536909958,0.43879532695398976,0.09286751595661309,0.2796307939326937
Chile,1492.3406503492524,0.103493835723732,9.0,0.15060708482315516,0.23749236292085935,0.6482457097430467,0.25131846199045016
Guinea,1501.5610258983104,0.12483294982440227,5.0,0.281565461548627,0.29701161078415506,-0.09225854863886479,0.23012570479116165
Saint Martin,1493.7834924106664,0.026613736729470604,10.0,0.17109998700796017,0.023057703346569598,0.8333717743385246,0.22602807000912767
Ynys Môn,1478.7852227686424,0.04609606009490633,13.0,-0.04192268604477365,0.0773979738877831,1.3887499681249582,0.20847441006045314
Belarus,1495.0131539440133,-0.08395979018541631,12.25,0.188565054181424,-0.2853549666695317,1.24990541967835,0.20559010275067618
Puerto Rico,1492.9995326010028,0.05616490802475445,8.5,0.1599652882589432,0.10548209456904599,0.5556826774453079,0.20297793852992874
Serbia,1529.203684631702,-0.143901408998342,4.0,0.674178289175913,-0.4525446658586678,-0.27738461323434266,0.19342696730400047
Saudi Arabia,1495.5826214355172,0.11070296774618357,5.75,0.19665328636768245,0.2576001384217195,0.046585999807743625,0.19242724899990274
Indonesia,1469.8015082347144,0.17576366170158472,10.5,-0.16951973087972405,0.43906800777286165,0.9259348066362636,0.1773747713434498
Saint Vincent and the Grenadines,1476.7174958762903,0.15149084762712098,9.0,-0.07129092119889373,0.3713660577096056,0.6482457097430467,0.16943666711494715
Suriname,1489.3550257290988,0.12891672821984307,5.25,0.10820181058170913,0.30840212200174016,-0.04597703248999532,0.14513507754696278
Kárpátalja,1463.6809354171191,0.0017318125679905345,15.5,-0.25645114452525836,-0.04634318201803612,1.8515651296136533,0.12278368534774506
Faroe Islands,1503.019948618821,-0.15558296170225072,9.0,0.3022867597462365,-0.48512695711649734,0.6482457097430467,0.1179564871869379
Guadeloupe,1487.471395469434,0.10922101440528961,5.25,0.08144832751106643,0.2534666609117166,-0.04597703248999532,0.11394002353110222
Northern Cyprus,1467.8072175359487,0.0039094257491017045,13.75,-0.19784494076293288,-0.04026936386113032,1.527594516571567,0.10824365090778285
Libya,1483.9732171697895,0.060002415049171996,7.25,0.031763176490887675,0.11618570347642196,0.32427509670096044,0.10096672261805886
Gambia,1489.190471127652,0.09785962379352542,4.5,0.10586461689870612,0.22177736862417624,-0.18482158093660372,0.09703551274105067
Bulgaria,1494.5890495626886,-0.21296808713019108,12.25,0.18254143604950127,-0.6451860620961466,1.24990541967835,0.09432778415013422
Guernsey,1477.7161935672532,0.02526386749103797,9.75,-0.057106268117020006,0.019292635996243812,0.7870902581896552,0.0924428820629604
Hong Kong,1477.8830881078973,0.17497119518167759,4.75,-0.05473583992667097,0.4368576530693252,-0.13854006478773426,0.08017157424296839
Togo,1468.9637958953053,0.07299891730782859,10.25,-0.18141788487011362,0.15243566379059298,0.8796532904873942,0.07789885603172453
Turkmenistan,1466.1027459509278,-0.007325971418035699,13.25,-0.2220538063087438,-0.0716072341062881,1.4350314842738279,0.07164295893937864
Madagascar,1487.2733775830156,0.018211728606058783,6.5,0.07863584977304271,-0.0003772528417505436,0.18543054825435204,0.07095112376080114
Yorkshire,1459.5532781846582,0.0020091322990282924,14.5,-0.31507687923271993,-0.04556967934444105,1.6664390650181753,0.063002672371398
Abkhazia,1475.8124614130993,0.0057470670677271215,9.75,-0.08414526140982036,-0.03514379826308779,0.7870902581896552,0.061240505474120736
Ellan Vannin,1471.297237021825,0.0013114766237137046,11.0,-0.14827567059830113,-0.04751558679244422,1.0184978389340025,0.05696838097330148
Székely Land,1476.680244969612,0.03212910223949693,8.5,-0.07182000141305506,0.038441210145364876,0.5556826774453079,0.05538376388322535
Basque Country,1462.5256436522795,0.024783082626515393,12.5,-0.272859926723198,0.017951626552953875,1.2961869358272193,0.04974056864221016
Albania,1518.597111183199,-0.051389598787860355,-1.5,0.5235315357931477,-0.19450989758181245,-1.295577968509471,0.03525268013526689
Padania,1476.3165047775285,0.009523950225045222,8.25,-0.07698625791222002,-0.02460928198792237,0.5094011612964383,0.026684947746368023
Raetia,1469.9989572317581,0.02407380970698965,9.5,-0.16671533316280499,0.015973316183515898,0.7408087420407857,0.024219872921629873
Zanzibar,1467.4314833190153,0.01402484270802401,10.5,-0.2031815501958135,-0.01205535242755489,0.9259348066362636,0.023523762659475644
Orkney,1469.454129956364,0.02682217559845748,9.5,-0.1744535966643012,0.023639082903801793,0.7408087420407857,0.022263558011892726
Shetland,1470.5133623755592,0.011646432908101927,9.5,-0.1594091597588056,-0.018689234309165314,0.7408087420407857,0.01783950314602517
Cascadia,1459.534252825438,0.0012156956958126537,12.75,-0.31534709926300425,-0.047782739813015965,1.3424684519760888,0.013594541257856169
Singapore,1471.8002239347961,-0.02207312022490635,10.0,-0.14113167203919735,-0.11274011342696572,0.8333717743385246,0.01356131250113042
Sealand,1457.1468391950625,7.697222297310357e-05,13.0,-0.3492558931014701,-0.05095887750589053,1.3887499681249582,0.0009340907611679883
Haiti,1463.2085079651106,0.29774825815358774,2.25,-0.26316110247723273,0.7793085349793223,-0.601355226276429,-0.0011493298101456773
Occitania,1458.3410420442704,8.047058342691341e-05,12.5,-0.3322944509366582,-0.050949119847630536,1.2961869358272193,-0.003618643595368315
Rwanda,1467.2035431771687,0.00519563773740675,9.75,-0.2064190182151996,-0.03668184988208159,0.7870902581896552,-0.006471476254535993
Panjab,1469.631785705223,0.005665063427641065,9.0,-0.17193032541979392,-0.035372523549289867,0.6482457097430467,-0.007936579584216605
Finland,1495.6208207525688,-0.1896064357584999,7.25,0.19719583699660992,-0.5800255351910528,0.32427509670096044,-0.016908685704036315
Iraqi Kurdistan,1462.5476778545406,0.0004167763264515315,10.5,-0.2725469716439618,-0.05001109286195059,0.9259348066362636,-0.026013941267324647
County of Nice,1461.5643435490329,0.00012380961615845906,10.75,-0.28651341625813087,-0.0508282382299994,0.972216322785133,-0.02699840199320186
Oman,1486.2022544748554,-0.01872545278790895,4.25,0.0634225276288988,-0.10340276947695264,-0.23110309708547322,-0.03080390521001243
Sint Maarten,1469.8279091305562,-0.11643027549004512,11.75,-0.16914475499667642,-0.37592193463128976,1.157342387380611,-0.03220483753046732
Artsakh,1461.585177275172,0.0004476508999739824,10.25,-0.2862175117212905,-0.04992497722540228,0.8796532904873942,-0.04044913104122133
China,1466.515779197001,0.019771752517435195,8.25,-0.21618743317116385,0.00397397980154669,0.5094011612964383,-0.041300720109210376
South Ossetia,1467.4726720971798,-2.7811977596479444e-05,8.5,-0.20259653980236167,-0.05125114253509633,0.5556826774453079,-0.043451038035031656
Felvidék,1464.2830090604516,-0.00016653502875731464,9.25,-0.2478998022745552,-0.05163807010985142,0.6945272258919162,-0.04765722840017335
Isle of Wight,1461.867483571699,0.006197783583309526,9.5,-0.28220787305355477,-0.03388665572753204,0.7408087420407857,-0.054259015591596876
Aruba,1469.4857061259613,-0.12388420363151001,11.25,-0.17400511559195703,-0.3967124976562613,1.064779355082872,-0.05499965961002398
Mayotte,1464.4766236774853,0.001193872713613664,8.75,-0.24514986483196874,-0.04784360867010583,0.6019641935941773,-0.05889087921948798
Arameans Suryoye,1457.1485745702043,2.7668801845804984e-05,10.75,-0.3492312453080722,-0.05109639504896848,0.972216322785133,-0.06157365501636031
Panama,1464.3280626845362,0.15560428773107243,3.5,-0.24725989889487934,0.38283930162980273,-0.36994764553208165,-0.07663330073305508
Hitra,1468.5487747392463,0.022211761799778164,6.25,-0.18731249259135543,0.010779675510346138,0.13914903210548257,-0.07891561345631926
Chameria,1459.9510989647665,0.002701407823835187,9.25,-0.3094265710306893,-0.04363877826034306,0.6945272258919162,-0.07909716366119464
Palestine,1486.2081642361513,-0.061373886065211505,3.75,0.06350646485488613,-0.222358160934992,-0.32366612938321215,-0.08032881201779205
Kazakhstan,1498.6986526017242,-0.29356456370504597,7.0,0.24091074434011167,-0.8699864752499624,0.277993580552091,-0.08679599610511363
Gotland,1460.5207809251594,0.0007246433130769405,8.75,-0.301335292710636,-0.049152387509917815,0.6019641935941773,-0.09018549820469858
Western Isles,1466.3895180851464,-0.011101765884052449,7.25,-0.21798073867852075,-0.08213871379394075,0.32427509670096044,-0.09588975590622459
Saare County,1460.518898905947,-2.3807975676308606e-05,8.5,-0.301362023311761,-0.051239974537136926,0.5556826774453079,-0.09776870356581348
Matabeleland,1460.4800673458644,-0.0008450398294306619,8.25,-0.3019135537832779,-0.05353056176705871,0.5094011612964383,-0.1057014489164547
North Macedonia,1521.2301257909273,-0.24926500199059898,-1.5,0.5609286371463321,-0.7464257415906997,-1.295577968509471,-0.10975366732314784
Saint Barthélemy,1460.62846363389,0.005082202199173962,7.75,-0.29980585904909646,-0.036998245299657596,0.4168381289986994,-0.11346697671709542
Cuba,1477.803211762708,-0.18936571795978352,8.75,-0.05587033563664309,-0.5793541229543819,0.6019641935941773,-0.1142402924473417
Donetsk PR,1458.3387269943626,6.80043629798922e-05,8.5,-0.3323273319376923,-0.050983890741173925,0.5556826774453079,-0.11472279817128679
United Koreans in Japan,1464.296611834325,0.000972272610409532,6.75,-0.24770660003719092,-0.048461697659504144,0.2317120644032215,-0.11602032965782305
Western Armenia,1467.4681835316856,0.0023080183185611447,5.75,-0.2026602915712381,-0.04473602378613036,0.046585999807743625,-0.11789606752885853
Réunion,1465.5169054749372,0.0024176785943072947,6.0,-0.23037458644916295,-0.044430158364440364,0.09286751595661309,-0.12610494266287978
Cambodia,1456.4623533305428,0.01216162609520528,8.0,-0.3589777484892578,-0.01725225286485491,0.46311964514756887,-0.13314549075641294
Sierra Leone,1473.3812613210766,-0.11537709848126623,6.75,-0.11867596092982363,-0.3729844039009271,0.2317120644032215,-0.1424102900211979
Niger,1478.7374980882664,-0.027803825367456042,2.5,-0.04260052683753994,-0.12872424745435557,-0.5550737101275595,-0.14530862051608756
Montenegro,1483.1560529417038,-0.2301431132473113,7.25,0.020156870407275825,-0.693090798520577,0.32427509670096044,-0.14819969632702734
Parishes of Jersey,1454.572708861835,0.0006081495557750065,7.75,-0.38581665227290185,-0.049477312939467985,0.4168381289986994,-0.1645166332821315
Luhansk PR,1458.3285472934137,-0.0001869146700188948,6.5,-0.33247191575694285,-0.05169491318749235,0.18543054825435204,-0.1705534453844135
Elba Island,1453.2019495981501,0.002322408375057374,7.75,-0.4052857516711278,-0.044695886911875635,0.4168381289986994,-0.1737902101428781
British Virgin Islands,1455.8447997035055,-0.16387252894298304,12.0,-0.3677489552700916,-0.5082482921894048,1.2036239035294805,-0.17419282752594978
Kernow,1453.2831936534944,0.0008953566202342907,7.5,-0.4041318301687034,-0.048676232427081356,0.37055661284982994,-0.1812918843934368
Zimbabwe,1459.0654861261419,-0.044848370277079816,7.25,-0.3220050629951917,-0.17626504452807792,0.32427509670096044,-0.1813410335006348
Peru,1478.411590705769,-0.08450817481295997,3.0,-0.04722943826827615,-0.2868845259763151,-0.4625106778298206,-0.1814181505149195
French Guiana,1475.4194911483992,-0.0012311637343839668,1.25,-0.08972667701406493,-0.05460754201546263,-0.7864812908719069,-0.18370412859316054
Kenya,1480.2806591468081,-0.1088194475740045,3.0,-0.020682778891445406,-0.35469374535207865,-0.4625106778298206,-0.18716025367039163
Northern Mariana Islands,1462.2388529048985,-0.049616216592300644,6.25,-0.2769332587189582,-0.18956356410442793,0.13914903210548257,-0.18831000671093298
United States Virgin Islands,1462.3223822836685,-0.10559549623211739,7.75,-0.2757468784251836,-0.3457014714408127,0.4168381289986994,-0.1928455052162899
Iceland,1490.8786076587517,-0.1242840042664991,0.0,0.12984147322386583,-0.39782762516237796,-1.0178888716162542,-0.20061880801802529
Biafra,1454.6612985228926,0.00046453981761019876,6.25,-0.38455840003089414,-0.04987787050531116,0.13914903210548257,-0.20559812635276276
Kabylia,1458.250222320708,-0.0006651207819707474,5.25,-0.33358437709087024,-0.05302872995105289,-0.04597703248999532,-0.2062765812587938
Maule Sur,1453.2881187145756,0.0006561964705673812,6.5,-0.4040618787875442,-0.04934330005509505,0.18543054825435204,-0.20922244111152502
Benin,1477.0260961148476,-0.20770367809545603,6.0,-0.06690782572913356,-0.6305025253422788,0.09286751595661309,-0.2120199343602151
Uganda,1478.3510975360612,-0.09693704985237064,2.25,-0.04808863182994415,-0.3215512553748602,-0.601355226276429,-0.21311740806039167
East Turkestan,1455.7514781555851,-0.014670470630531148,5.75,-0.3690744152108647,-0.09209257698406793,0.046585999807743625,-0.22363080149003445
Somaliland,1458.3074327461554,-0.0006974389160296052,4.5,-0.3327718088382529,-0.05311887197955763,-0.18482158093660372,-0.22668339359539694
Tuvalu,1467.4764463273864,-0.03291093214392462,2.75,-0.2025429338447076,-0.14296903534287447,-0.50879219397869,-0.230608153314255
Catalonia,1455.8874047219942,8.77625562748706e-05,5.0,-0.3671438298029173,-0.05092878101175841,-0.09225854863886479,-0.2310465229909618
Gozo,1458.0221845577232,-0.006392918785633028,4.5,-0.3368232316379218,-0.06900475536066245,-0.18482158093660372,-0.2336774411495463
Menorca,1464.6067613230375,-0.0022493114884105476,2.5,-0.24330150033513132,-0.057447368835239675,-0.5550737101275595,-0.23431109235402803
Franconia,1454.5502030402704,3.49212736719222e-05,5.25,-0.38613630583183767,-0.05107616638969969,-0.04597703248999532,-0.23459437299791994
Corsica,1454.5454102187346,1.0104779761100189e-05,5.25,-0.38620437899490223,-0.05114538477642409,-0.04597703248999532,-0.23465257875362278
Guatemala,1500.9083372890425,-0.2546301272820405,-0.25,0.27229522734589295,-0.7613901970283748,-1.0641703877651236,-0.23828024223303984
Comoros,1452.7806715569634,-0.027546159044642752,6.0,-0.4112692268701978,-0.12800556224272036,0.09286751595661309,-0.2506696160579329
Bosnia-Herzegovina,1457.4497539420736,0.0008069913096400126,3.75,-0.3449535495208087,-0.04892270174155083,-0.32366612938321215,-0.2529511821663919
Jordan,1460.473037426994,0.1776933581433477,-2.5,-0.30201340077528727,0.4444503343435135,-1.480704033104949,-0.2548778750890963
Cape Verde Islands,1458.7412763582297,0.010528549232504882,3.0,-0.3266098629513778,-0.02180724545322226,-0.4625106778298206,-0.25555419993369755
Bahrain,1468.558638891963,-0.15582988862415662,5.0,-0.18717239055096807,-0.4858156878950902,-0.09225854863886479,-0.26252830346738926
Åland Islands,1461.386632624531,-0.01862067698389409,2.75,-0.28903747117056994,-0.10311052786749234,-0.50879219397869,-0.26622259660086467
Gabon,1469.8377517880988,-0.005873660114608823,-0.25,-0.16900495825547224,-0.06755643443224656,-1.0641703877651236,-0.2728452155349522
Sápmi,1465.5140276842374,-0.005827330040163482,0.75,-0.23041546014206168,-0.06742721017432152,-0.8790443231696458,-0.27881331460587727
Curaçao,1451.5761127496323,0.06455243663823097,2.25,-0.42837775626134217,0.12887666437877926,-0.601355226276429,-0.2871480505715688
Tanzania,1447.3134162466808,-0.027663761996654632,6.0,-0.48892147397974967,-0.1283335814480739,0.09286751595661309,-0.29347675772979254
Mapuche,1453.166559529525,0.00033203215509603205,3.25,-0.4057884021233438,-0.05024746206247514,-0.4162291616809511,-0.30069223403872436
Alderney,1467.7586226584162,-0.020136408088612112,-0.25,-0.19853514109641815,-0.10733821861839307,-1.0641703877651236,-0.3010213513533164
Délvidék,1453.1266215094513,1.311283566046847e-05,3.25,-0.4063556478120543,-0.05113699468001163,-0.4162291616809511,-0.30127107895277605
Surrey,1451.61552712226,3.565664575138063e-05,3.5,-0.42781794801584333,-0.05107411528331999,-0.36994764553208165,-0.3061142528235221
Greenland,1464.0568052420633,-0.029930018298835508,0.75,-0.25111260903146215,-0.1346546437909114,-0.8790443231696458,-0.3103649765800245
Romani people,1457.1260311822348,-0.0001429437568295871,1.5,-0.34955143242829073,-0.051572269123238174,-0.7401997747230374,-0.318754934780987
Monaco,1454.5457754229778,-4.241152901362062e-05,2.0,-0.38619919194426433,-0.051291863734457765,-0.6476367424252985,-0.32494262605347746
El Salvador,1465.3229356176141,-0.17888647139528402,4.25,-0.23312956942285473,-0.5501253147315773,-0.23110309708547322,-0.3279243221648643
Hmong,1454.0575784001046,-0.00351084532271166,2.0,-0.39313312747623075,-0.060966050286469335,-0.6476367424252985,-0.3316585465616625
Vatican City,1455.8213796052685,-0.0011557141740890624,1.0,-0.36808159443772115,-0.05439709742722042,-0.8327628070207763,-0.3436784272220292
Cyprus,1469.038422723994,-0.32861287691950025,7.0,-0.18035794883028086,-0.9677435438686641,0.277993580552091,-0.3478208979344401
Malawi,1455.9048476977312,-0.13163276889358436,4.75,-0.36689608460256035,-0.41832486517267287,-0.13854006478773426,-0.34807131580137024
Pakistan,1440.7286460498804,-0.18563549456850925,10.5,-0.5824459526189479,-0.5689497505158961,0.9259348066362636,-0.3521399780997506
Yoruba Nation,1453.0458538717567,-0.00031963472460844183,0.75,-0.40750280268315076,-0.05206509715053219,-0.8790443231696458,-0.37160271909633946
Galicia,1452.9922696243466,-0.0018113214986993109,0.5,-0.40826386778527624,-0.05622572323944399,-0.9253258393185153,-0.38021172015151244
Barawa,1463.8987950844592,-0.0048962587281036135,-2.75,-0.2533568509970827,-0.0648302577451129,-1.5269855492538182,-0.3878431777600021
Turks and Caicos Islands,1450.0479004282383,-0.171899793789654,5.75,-0.45008318505182887,-0.5306380110792964,0.046585999807743625,-0.39974925513113324
Congo DR,1434.7105529076123,0.018046830087151557,4.25,-0.6679218320666829,-0.0008371892652040963,-0.23110309708547322,-0.40227362897905783
Nicaragua,1465.238168175914,-0.20922705712233863,2.5,-0.23433353411010005,-0.6347515477460685,-0.5550737101275595,-0.4025699646035095
West Papua,1453.1114109363418,-0.00046927967370151565,-0.5,-0.40657168586309483,-0.052482488180663145,-1.110451903913993,-0.4059269592660001
Liberia,1455.0699132690734,-0.15612715794597343,3.5,-0.37875478350993885,-0.4866448341456749,-0.36994764553208165,-0.4098007280039811
Seborga,1451.6126773569556,-2.3023711905238357e-06,-0.25,-0.42785842365984644,-0.051179990912802724,-1.0641703877651236,-0.4103016884515249
Ethiopia,1442.6768151940307,-0.1436380390861858,6.5,-0.5547758140929039,-0.45181007214463603,0.18543054825435204,-0.41285513715633515
Aymara,1452.9203217558993,-0.0009882286256634133,-0.75,-0.4092857541510304,-0.05392994523790095,-1.1567334200628627,-0.41479616136386643
Zambia,1475.3916610938477,-0.22784174225239073,-0.25,-0.09012195145260084,-0.6866717939627555,-1.0641703877651236,-0.41519416965252565
Bolivia,1475.9699431735626,-0.40171064023953157,4.75,-0.08190852434803696,-1.1716284789588614,-0.13854006478773426,-0.4173192417972389
Falkland Islands,1460.5769764790234,-0.02785988607516999,-2.25,-0.3005371388313218,-0.12888061248160446,-1.4344225169560796,-0.4191229876451203
Belize,1446.913053339575,-0.17578210018601553,6.0,-0.49460788839277425,-0.5414665747954932,0.09286751595661309,-0.42054418366118185
Mozambique,1461.6212915237475,-0.18262115646518226,1.5,-0.2857045756326328,-0.5605421317239773,-0.7401997747230374,-0.43633012232359686
Marshall Islands,1451.631243104498,-0.010262761532319038,-1.25,-0.4275947315631509,-0.07979855535373465,-1.2492964523606016,-0.4465111368199436
Tibet,1455.1659921573023,-0.05026745465786168,-1.25,-0.37739016065123826,-0.19138000314024164,-1.2492964523606016,-0.4523730571543437
Kuwait,1445.1825547548417,-0.14794942416729867,4.5,-0.5191864193188342,-0.4638354259651497,-0.18482158093660372,-0.4524263955553943
Estonia,1450.4953245935876,-0.403895919712072,10.5,-0.44372835253008014,-1.1777236800043733,0.9259348066362636,-0.4584774768974166
Two Sicilies,1452.5272433044383,-0.005232402014673204,-2.25,-0.41486870634806405,-0.0657678316057958,-1.4344225169560796,-0.46307151551658593
Ryūkyū,1451.6112252400042,-7.297293177098472e-05,-2.25,-0.42787904829468526,-0.05137710587230773,-1.4344225169560796,-0.46590998586718113
New Caledonia,1400.095495763789,0.15383919464244872,7.25,-1.1595646799849222,0.377916088203605,0.32427509670096044,-0.47574448302548167
Chagos Islands,1465.4977550256442,-0.008975500701395599,-6.25,-0.23064658315251052,-0.07620811593347598,-2.174926775337991,-0.4759570718146222
Ticino,1452.5781245123353,-0.006420881164500526,-2.75,-0.4141460329215247,-0.06908274827783842,-1.5269855492538182,-0.4775529749782629
Martinique,1453.422242671905,-0.1394736268156609,1.0,-0.4021568961066979,-0.44019465620164067,-0.8327628070207763,-0.47815911077229256
Kyrgyzstan,1451.92994104936,-0.1589491902684214,2.0,-0.42335227985581775,-0.4945160719339735,-0.6476367424252985,-0.47834408686468666
Saint Kitts and Nevis,1449.1514406235337,-0.2679464600919228,5.75,-0.4628157381023108,-0.7985322315759397,0.046585999807743625,-0.4871204254578913
North Korea,1451.613301985739,-0.10675114617339743,0.0,-0.4278495519635573,-0.3489248205908175,-1.0178888716162542,-0.4926780304996399
Bangladesh,1440.0433059357233,-0.2622009890964478,7.75,-0.5921799410424483,-0.7825069124995346,0.4168381289986994,-0.4979253219734021
Saint Helena,1456.7275117415363,-0.03347572066409385,-4.0,-0.35521166381146324,-0.14454434853365217,-1.7583931299981657,-0.5024886891561253
Malta,1462.940822599629,-0.4257788038441087,5.5,-0.26696307786859497,-1.2387596161015313,0.00030448365887414993,-0.5184119051093554
Lesotho,1451.4026864881125,-0.2970833275133334,4.75,-0.43084095546286727,-0.8798010427287162,-0.13854006478773426,-0.521683848041352
Mauritania,1439.0155239792643,-0.14805876568156262,3.25,-0.6067776823090009,-0.4641404022944632,-0.4162291616809511,-0.5354042202104321
Equatorial Guinea,1441.7232752536586,-0.17880446004552245,3.25,-0.568319084870719,-0.5498965679414793,-0.4162291616809511,-0.539978841313482
Cayman Islands,1438.1206003569064,-0.2910671978218945,7.25,-0.6194884167312287,-0.863020799997307,0.32427509670096044,-0.5509836046962239
Papua New Guinea,1384.6388732962546,-0.03029674149434578,14.25,-1.3790974069586688,-0.13567751140705625,1.6201575488693059,-0.5561831949189888
Montserrat,1444.9184907375788,-0.18277460632578632,1.75,-0.522936960158343,-0.5609701354473181,-0.6939182585741679,-0.5599941075074093
Azerbaijan,1452.1493196778906,-0.45054029879331436,7.5,-0.4202364122940491,-1.307824599230387,0.37055661284982994,-0.5678939146033687
Frøya,1448.7784588565555,-0.15753512044864498,-1.75,-0.46811325407568755,-0.49057193574808405,-1.3418594846583405,-0.6059127931648044
Eritrea,1429.2953962118688,-0.0004716355599845175,-1.75,-0.7448341147405798,-0.05248905923974996,-1.3418594846583405,-0.6266844035779949
Bonaire,1440.7323467922588,-0.23080768792096343,1.75,-0.5823933904199377,-0.6949444361429339,-0.6939182585741679,-0.6328874343599711
Uzbekistan,1425.0816223593185,0.05106277040392736,-3.0,-0.8046829767182897,0.09125116669387637,-1.5732670654026877,-0.6511903469972996
Guinea-Bissau,1437.2084092629823,-0.25710263545981277,2.75,-0.6324444036417549,-0.7682865389469099,-0.50879219397869,-0.6546492127838417
Luxembourg,1453.7111286818874,-0.37854396989546146,1.75,-0.39805380478197816,-1.1070117948795226,-0.6939182585741679,-0.65512086988007
Sri Lanka,1435.4977814560484,-0.22656481210395468,2.25,-0.6567407069306597,-0.6831101689744672,-0.601355226276429,-0.6563437234456674
Sudan,1438.3586864621511,-0.22003325348424407,1.0,-0.6161068440720838,-0.6648922872673728,-0.8327628070207763,-0.6632408714729744
Trinidad and Tobago,1465.7597446447817,-0.36663897764240005,-2.5,-0.22692550530067912,-1.073806284033207,-1.480704033104949,-0.6690565180910779
Somalia,1422.9648441710851,-0.1822291816678261,2.75,-0.8347478947841547,-0.5594488321141649,-0.50879219397869,-0.7032648208623381
Iraq,1431.9714365090742,-0.12527546782549862,-2.25,-0.7068259130670833,-0.4005930241867762,-1.4344225169560796,-0.7240955369863407
Dominica,1440.8942842662018,-0.2855678247013578,-1.25,-0.5800933681913674,-0.8476818993142795,-1.2492964523606016,-0.7607503901536261
Tunisia,1418.9783709316328,0.008707740192059697,-4.0,-0.8913683720652081,-0.02688586231045077,-1.7583931299981657,-0.7620773328287246
Congo,1432.1627417320396,-0.23921732056315465,-0.25,-0.7041087762947948,-0.7184006587072118,-1.0641703877651236,-0.7624055827390692
Mauritius,1427.6727120413318,-0.2224527123235845,0.5,-0.7678813413726183,-0.6716406634967881,-0.9253258393185153,-0.7626258127017539
Afghanistan,1428.2242077482274,-0.36384560896689677,4.25,-0.7600483651384244,-1.0660149951452758,-0.23110309708547322,-0.7724965639325371
Tahiti,1365.7623508853294,0.05652695853190805,9.0,-1.6472034857191287,0.10649192908104338,0.6482457097430467,-0.7767774819597509
Latvia,1447.2065950016295,-0.41661494710914704,0.25,-0.49043867214345693,-1.2131997049534493,-0.9716073554673847,-0.7794422844850438
Namibia,1441.7825102040965,-0.3125373726720403,-1.5,-0.567477761986039,-0.9229056036749811,-1.295577968509471,-0.7833211454712364
Grenada,1443.0038757957054,-0.38362877913265125,0.25,-0.5501305233172422,-1.1211943902721013,-0.9716073554673847,-0.7846712082262213
Burundi,1438.6029925334342,-0.2436696711040117,-2.75,-0.6126369283024733,-0.7308191946485526,-1.5269855492538182,-0.7852439013489988
Darfur,1455.8576231857387,-0.0004627407630770728,-15.25,-0.36756682142876435,-0.05246424979267871,-3.841061356697292,-0.7940602302282178
Barbados,1429.3623470034076,-0.3104207767895536,1.5,-0.7438832026075803,-0.9170019755130134,-0.7401997747230374,-0.7952663202965289
Bermuda,1427.3867384721784,-0.2962561618874706,1.5,-0.7719430668634573,-0.8774939049685699,-0.7401997747230374,-0.7988468244739281
Vanuatu,1373.4908865133843,-0.10621792407041773,10.75,-1.537433935126533,-0.3474375527331307,0.972216322785133,-0.8039874817217625
Central African Republic,1429.7362573661012,-0.3456842917738717,1.75,-0.7385724976499951,-1.015359286832547,-0.6939182585741679,-0.8149103985433865
Guam,1430.7447143684694,-0.312072857512226,0.0,-0.7242492316046037,-0.9216099738375467,-1.0178888716162542,-0.8275034002762341
Lithuania,1436.5720667387263,-0.4804163628760272,2.75,-0.6414824719476021,-1.3911551843207417,-0.50879219397869,-0.8464807439642072
Eswatini,1428.595501951069,-0.32957931388279493,0.0,-0.7547748178915672,-0.9704391384885355,-1.0178888716162542,-0.8589412221293607
Mongolia,1427.6406843527718,-0.3580103540861951,0.25,-0.7683362354365064,-1.0497392500533518,-0.9716073554673847,-0.8832478078261918
Nepal,1419.8381673638792,-0.3213091213351121,1.0,-0.8791565543922452,-0.9473718434827294,-0.8327628070207763,-0.8926620790136702
Saint Lucia,1430.752758803698,-0.3841853481213317,-0.25,-0.7241349752846081,-1.1227467774721518,-1.0641703877651236,-0.8947238278129486
São Tomé and Príncipe,1421.831396800127,-0.34433330843138255,0.5,-0.8508464177797375,-1.0115911120132244,-0.9253258393185153,-0.9102417392806003
India,1415.5114526238397,-0.2538132631300593,-0.5,-0.9406095327329849,-0.7591117922312947,-1.110451903913993,-0.9116365662596291
Myanmar,1424.9426912672966,-0.4772309903980164,2.5,-0.8066562358541121,-1.3822705149215706,-0.5550737101275595,-0.9416031407153668
Botswana,1413.4517678403397,-0.3153435398113699,0.75,-0.9698635446089836,-0.9307325901526601,-0.8790443231696458,-0.9445013750561859
Antigua and Barbuda,1419.0720934130763,-0.3856587997649051,0.5,-0.8900372176054757,-1.126856541971966,-0.9253258393185153,-0.9663763081723787
Chad,1411.6598337467801,-0.2847329679469126,-0.5,-0.9953146532805353,-0.8453533093895175,-1.110451903913993,-0.9675968377082487
Gibraltar,1421.5671956008978,-0.5983650122906836,5.25,-0.8545989070352895,-1.72013861196132,-0.04597703248999532,-0.9929675373313046
South Sudan,1414.8884046205148,-0.366758237541266,-0.5,-0.9494587769642353,-1.0741389248095423,-1.110451903913993,-1.011011790360291
Armenia,1446.1753305493958,-0.6624870597642318,-0.5,-0.5050858758197765,-1.89898840015193,-1.110451903913993,-1.0140615373335549
New Zealand,1365.825152587279,0.0900309421915064,-1.75,-1.6463115037278135,0.19994153989599314,-1.3418594846583405,-1.0467677877802506
Anguilla,1415.8697077018464,-0.5778081325200254,4.0,-0.9355211821316671,-1.6628011790860093,-0.27738461323434266,-1.054984695883371
Andorra,1423.4209447230191,-0.6659279082466212,3.0,-0.8282698302425241,-1.9085856455069723,-0.4625106778298206,-1.097500701959953
Macau,1413.699931176639,-0.37028080985890527,-3.25,-0.9663388435258642,-1.0839641150166357,-1.6195485815515571,-1.0996078856769496
Taiwan,1422.1780101795848,-0.426145111552212,-4.25,-0.8459234159688458,-1.2397813248364855,-1.804674646147035,-1.107893473155866
Laos,1409.2259532776209,-0.4595066951638714,-0.25,-1.0298834225989921,-1.332833752164387,-1.0641703877651236,-1.1259115662435304
Timor-Leste,1411.0662191252663,-0.5377331986283698,0.5,-1.0037458507757275,-1.5510238151265694,-0.9253258393185153,-1.156166238362398
Qatar,1393.6978613032343,-0.3643334897963885,-0.25,-1.2504312416970178,-1.0673757967175097,-1.0641703877651236,-1.1675754801133813
Brunei,1407.9870319970578,-0.508556394494841,-0.5,-1.0474800073508748,-1.46964361213924,-1.110451903913993,-1.1835748732718523
Djibouti,1404.8839031722914,-0.4101018763598838,-3.25,-1.0915542114328272,-1.1950333897799248,-1.6195485815515571,-1.201797120454766
Moldova,1428.4741546049836,-0.7563829677982614,0.5,-0.7564983324467767,-2.1608837064547854,-0.9253258393185153,-1.2031380706799402
Fiji,1383.8536189095553,-0.24768981399653572,-4.0,-1.3902504927794739,-0.7420322131523757,-1.7583931299981657,-1.2510064044741482
Maldives,1394.8909371100415,-0.4592873895931344,-2.75,-1.2334858070844477,-1.3322220631054638,-1.5269855492538182,-1.307131645216158
Bhutan,1406.488586749023,-0.5190656719192541,-4.25,-1.068762649934201,-1.4989561827050506,-1.804674646147035,-1.3082075091973808
Tonga,1311.3854800774852,-0.06532692558367374,6.25,-2.4195263368348323,-0.23338401410784546,0.13914903210548257,-1.3798823346756892
Samoa,1322.0333583403694,-0.104826288377355,3.25,-2.268292924978824,-0.34355599001407633,-0.4162291616809511,-1.413062279994719
Bahamas,1399.3763775357343,-0.6209329576787308,-4.5,-1.1697784240258962,-1.7830853270395393,-1.8509561622959045,-1.4559471556704904
Solomon Islands,1356.237199788341,-0.32452719683866826,-3.5,-1.7824906352597876,-0.9563477284531811,-1.6658300977004266,-1.5171486825839016
Cook Islands,1282.8836351859331,-0.08830000401388503,1.0,-2.8243423143207163,-0.2974607298899561,-0.8327628070207763,-1.7675409128964974
Seychelles,1383.648943232959,-0.8735082938781733,-7.0,-1.3931575321098808,-2.4875707132879623,-2.313771323784599,-1.859573555214513
Liechtenstein,1384.158075517923,-1.1247570850763107,-0.25,-1.385926249910728,-3.18835608835682,-1.0641703877651236,-1.878391822122715
San Marino,1383.6167151160175,-1.1203659972289797,-1.25,-1.3936152728881301,-3.1761084268680713,-1.2492964523606016,-1.9067153960029832
American Samoa,1279.2063874667115,-0.2652187377055232,-4.75,-2.8765708151626277,-0.7909240439045836,-1.897237678444774,-2.1039768132775363
